producto,variante,categoria,precio_venta,costo_fijo,tiempo_fabricacion_min
Factura,Membrillo,Facturas,1500.0,,2.0
Factura,Pastelera,Facturas,1500.0,,2.0
Factura,Manjar,Facturas,1500.0,,2.0
Medialuna,Tradicional,Medialunas,1700.0,,2.5
Medialuna,DulceDeLeche,Medialunas,2200.0,,2.5
Medialuna,Membrillo,Medialunas,2200.0,,2.5
Medialuna,Pastelera,Medialunas,2200.0,,2.5
Medialuna,ManzanaCanela,Medialunas,2200.0,,2.5
Medialuna,Chocotorta,Medialunas,2390.0,,3.0
Medialuna,NutellaChocBlanco,Medialunas,2390.0,,3.0
Medialuna,Pistacho,Medialunas,3690.0,,3.0
Sandwich,JamonYQueso,Sándwiches,3290.0,,3.0
Sandwich,PolloYPalta,Sándwiches,3020.0,,3.0
Muffin,VainillaChispas,Muffin,2200.0,,
MasaQuebrada,StreuselRegular,MasaQuebrada_Base,,,
MasaQuebrada,StreuselFrutosSecos,MasaQuebrada_Base,,,
MasaQuebrada,Sablee,MasaQuebrada_Base,,,
MasaQuebrada,SableeCacao,MasaQuebrada_Base,,,
MasaQuebrada,SableeSalada,MasaQuebrada_Base,,,
MasaQuebrada,MurbeNuez,MasaQuebrada_Base,,,
MasaQuebrada,Sucree,MasaQuebrada_Base,,,
MasaQuebrada,SucreeCacao,MasaQuebrada_Base,,,
Galleta,QuesoParmesano,MasaQuebrada_Producto,,,
Galleta,AvellanasChocolate,Galleta,,,
Galleta,BarritaNuez,Galleta,,,
Galleta,ChipsChocolate,Galleta,,,
Galleta,Florentina,Galleta,,,
Galleta,MantecadoChocolateNaranja,Galleta,,,
Galleta,MantecadoMani,Galleta,,,
Galleta,MantecadoNuez,Galleta,,,
Galleta,MantecadoPistacho,Galleta,,,
Galleta,MantecadoSesamo,Galleta,,,
Galleta,MantecadoTradicional,Galleta,,,
Galleta,MantequillaAlmendras,Galleta,,,
Galleta,MiniCacao,Galleta,,,
Galleta,PistachoLimon,Galleta,,,
Galleta,RedVelvet,Galleta,,,
Galleta,StreuselFrambuesa,Galleta,,,
Brownie,,Brownie,,,
Croissant,Plano,Croissant,,,
Pie de limón,,SinClasificar,,,
CarrotCake,,Torta,,,
Alfajor,Marplatense,Alfajores,3000.0,,
Glaseado casero para fresas,,SinClasificar,,,
Kuchen Sureño de Murta,,SinClasificar,,,
Hojarasca,,SinClasificar,,,
Cheesecake,Frambuesa,Cheesecakes,,,
Cheesecake,Maracuya,Cheesecakes,,,
Cheesecake,Oreo,Cheesecakes,,,
Cheesecake,Chocolate,Cheesecakes,,,
Cheesecake,FrioVainilla,Cheesecakes,,,
Cheesecake,FrioChocolate,Cheesecakes,,,
Cheesecake,DulceDeLeche,Cheesecakes,,,
Cheesecake,Cafe,Cheesecakes,,,
Cheesecake,Pistacho,Cheesecakes,,,
Cheesecake,Avellana,Cheesecakes,,,
Muffin,ChocolateGanache,Muffin,,,
Muffin,ManzanaCrumble,Muffin,,,
Muffin,ArandanosGlaseado,Muffin,,,
