insumo,precio,unidad
harina_0000,800.0,kg
leche_polvo,5704.0,kg
azucar,1000.0,kg
glucosa,2000.0,kg
sal,500.0,kg
esencia_vainilla,1500.0,L
margarina_hoja,3800.0,kg
mantequilla,11000.0,kg
vainilla_tahiti,19550.0,kg
membrillo,2500.0,kg
manjar,3512.0,kg
dulce_de_leche,2795.0,kg
queso_crema,13158.0,kg
chocolate_baño,8000.0,kg
nutella,6663.0,kg
chocolate_blanco,8000.0,kg
nueces,4998.0,kg
crema_pistacho,22265.0,kg
pistacho_picado,55980.0,kg
manzana_verde,2000.0,kg
canela_polvo,7000.0,kg
maicena,2000.0,kg
huevo,180.0,unidad
queso_sandwich,10000.0,kg
jamon,10000.0,kg
pollo_pechuga,2900.0,kg
palta,3000.0,kg
cafe_9oz_insumo,845.0,unidad
galleta_chocolate_molida,50.0,porcion
agua,0.0,L
azucar_flor,2000.0,kg
pasta_vainilla,60964.0,L
cacao_polvo,8700.0,kg
harina_almendras,14790.0,kg
queso_parmesano,0.0,kg
azucar_morena,0.0,kg
bicarbonato,0.0,kg
polvos_hornear,3000.0,kg
chocolate_negro_70,0.0,kg
chocolate_negro_56,8000.0,kg
pasta_avellanas,0.0,kg
avellanas_picadas,0.0,kg
pasta_pistachos,0.0,kg
zeste_limon,0.0,kg
matcha_polvo,0.0,kg
chocolate_leche_40,0.0,kg
pasta_almendras,0.0,kg
almendras_laminadas,0.0,kg
pure_frambuesas,0.0,kg
pectina_nh,0.0,kg
acido_citrico,0.0,kg
leche_condensada,0.0,kg
mani,0.0,kg
tahini,0.0,kg
sesamo_negro,0.0,kg
nibs_cacao,0.0,kg
zeste_naranja,0.0,kg
manteca_vegetal,0.0,kg
crema_leche_35,4356.0,kg
miel,0.0,kg
vaina_vainilla,0.0,unidad
flor_de_sal,0.0,kg
levadura_fresca,5000.0,kg
zanahoria,1500.0,kg
aceite_maravilla,2000.0,L
nuez_moscada,0.0,kg
clavo_olor,0.0,kg
harina_fortaleza_plus,1116.0,kg
caja_generica,250.0,unidad
caja_marca,375.0,unidad
cafe_soluble,12000.0,kg
chispas_chocolate,5000.0,kg
colorante_rojo_comestible,1.0,unidad
gelatina_sabor_fresa,9000.0,kg
jugo_de_limon,5000.0,kg
harina_de_trigo_sin_polvos_de_hornear,580.0,kg
arandanos_y_murta,3000.0,kg
manteca_cacao,0.0,kg
agar_agar,0.0,kg
galleta_oreo,0.0,kg
gelatina_sin_sabor,0.0,kg
leche_entera,0.0,L
chocolate_dulcey,0.0,kg
cafe_espresso,0.0,L
pulpa_mango,0.0,kg
pulpa_maracuya,0.0,kg
arandanos,5000.0,kg
relleno_manzana_confitada,6490.0,kg
