producto,variante,componente,insumo,cantidad,unidad,rendimiento_lote
Factura,Membrillo,Masa,harina_0000,46.6,g,103.0
Factura,Membrillo,Masa,leche_polvo,3.107,g,103.0
Factura,Membrillo,Masa,azucar,4.058,g,103.0
Factura,Membrillo,Masa,glucosa,0.388,g,103.0
Factura,Membrillo,Masa,sal,0.777,g,103.0
Factura,Membrillo,Masa,esencia_vainilla,0.000971,L,103.0
Factura,Membrillo,Masa,margarina_hoja,12.883,g,103.0
Factura,Membrillo,Relleno,membrillo,20.0,g,1.0
Factura,Pastelera,Masa,harina_0000,46.6,g,103.0
Factura,Pastelera,Masa,leche_polvo,3.107,g,103.0
Factura,Pastelera,Masa,azucar,4.058,g,103.0
Factura,Pastelera,Masa,glucosa,0.388,g,103.0
Factura,Pastelera,Masa,sal,0.777,g,103.0
Factura,Pastelera,Masa,esencia_vainilla,0.000971,L,103.0
Factura,Pastelera,Masa,margarina_hoja,12.883,g,103.0
Factura,Pastelera,Relleno,esencia_vainilla,0.001169,L,42.75
Factura,Pastelera,Relleno,huevo,0.09357,unidad,42.75
Factura,Pastelera,Relleno,azucar,7.018,g,42.75
Factura,Pastelera,Relleno,maicena,2.339,g,42.75
Factura,Pastelera,Relleno,harina_0000,0.4678,g,42.75
Factura,Pastelera,Relleno,leche_polvo,2.807,g,42.75
Factura,Manjar,Masa,harina_0000,46.6,g,103.0
Factura,Manjar,Masa,leche_polvo,3.107,g,103.0
Factura,Manjar,Masa,azucar,4.058,g,103.0
Factura,Manjar,Masa,glucosa,0.388,g,103.0
Factura,Manjar,Masa,sal,0.777,g,103.0
Factura,Manjar,Masa,esencia_vainilla,0.000971,L,103.0
Factura,Manjar,Masa,margarina_hoja,12.883,g,103.0
Factura,Manjar,Relleno,manjar,40.0,g,1.0
Medialuna,Tradicional,Masa,harina_0000,67.6056338028169,g,71.0
Medialuna,Tradicional,Masa,leche_polvo,4.50697558721557,g,71.0
Medialuna,Tradicional,Masa,azucar,5.886901408450704,g,71.0
Medialuna,Tradicional,Masa,glucosa,0.5633969482665302,g,71.0
Medialuna,Tradicional,Masa,sal,1.1267938965330604,g,71.0
Medialuna,Tradicional,Masa,mantequilla,20.8333,g,71.0
Medialuna,Tradicional,Almibar,azucar,8.333,g,12.0
Medialuna,DulceDeLeche,Masa,harina_0000,67.606,g,71.0
Medialuna,DulceDeLeche,Masa,leche_polvo,4.507,g,71.0
Medialuna,DulceDeLeche,Masa,azucar,5.887,g,71.0
Medialuna,DulceDeLeche,Masa,glucosa,0.5634,g,71.0
Medialuna,DulceDeLeche,Masa,sal,1.1268,g,71.0
Medialuna,DulceDeLeche,Masa,esencia_vainilla,0.001408,L,71.0
Medialuna,DulceDeLeche,Masa,mantequilla,20.8333,g,71.0
Medialuna,DulceDeLeche,Almibar,azucar,8.333,g,12.0
Medialuna,DulceDeLeche,Relleno,dulce_de_leche,50.0,g,1.0
Medialuna,Membrillo,Masa,harina_0000,67.606,g,71.0
Medialuna,Membrillo,Masa,leche_polvo,4.507,g,71.0
Medialuna,Membrillo,Masa,azucar,5.887,g,71.0
Medialuna,Membrillo,Masa,glucosa,0.5634,g,71.0
Medialuna,Membrillo,Masa,sal,1.1268,g,71.0
Medialuna,Membrillo,Masa,esencia_vainilla,0.001408,L,71.0
Medialuna,Membrillo,Masa,mantequilla,20.8333,g,71.0
Medialuna,Membrillo,Almibar,azucar,8.333,g,12.0
Medialuna,Membrillo,Relleno,membrillo,40.0,g,1.0
Medialuna,Pastelera,Masa,harina_0000,67.606,g,71.0
Medialuna,Pastelera,Masa,leche_polvo,4.507,g,71.0
Medialuna,Pastelera,Masa,azucar,5.887,g,71.0
Medialuna,Pastelera,Masa,glucosa,0.5634,g,71.0
Medialuna,Pastelera,Masa,sal,1.1268,g,71.0
Medialuna,Pastelera,Masa,esencia_vainilla,0.001408,L,71.0
Medialuna,Pastelera,Masa,mantequilla,20.8333,g,71.0
Medialuna,Pastelera,Almibar,azucar,8.333,g,12.0
Medialuna,Pastelera,Relleno,esencia_vainilla,0.001169,L,42.75
Medialuna,Pastelera,Relleno,huevo,0.09357,unidad,42.75
Medialuna,Pastelera,Relleno,azucar,7.018,g,42.75
Medialuna,Pastelera,Relleno,maicena,2.339,g,42.75
Medialuna,Pastelera,Relleno,harina_0000,0.4678,g,42.75
Medialuna,Pastelera,Relleno,leche_polvo,2.807,g,42.75
Medialuna,ManzanaCanela,Masa,harina_0000,67.606,g,71.0
Medialuna,ManzanaCanela,Masa,leche_polvo,4.507,g,71.0
Medialuna,ManzanaCanela,Masa,azucar,5.887,g,71.0
Medialuna,ManzanaCanela,Masa,glucosa,0.5634,g,71.0
Medialuna,ManzanaCanela,Masa,sal,1.1268,g,71.0
Medialuna,ManzanaCanela,Masa,esencia_vainilla,0.001408,L,71.0
Medialuna,ManzanaCanela,Masa,mantequilla,20.8333,g,71.0
Medialuna,ManzanaCanela,Almibar,azucar,8.333,g,12.0
Medialuna,ManzanaCanela,Relleno,manzana_verde,38.27,g,23.52
Medialuna,ManzanaCanela,Relleno,mantequilla,2.551,g,23.52
Medialuna,ManzanaCanela,Relleno,azucar,7.227,g,23.52
Medialuna,ManzanaCanela,Relleno,canela_polvo,0.2976,g,23.52
Medialuna,ManzanaCanela,Relleno,maicena,0.3401,g,23.52
Medialuna,ManzanaCanela,Relleno,sal,0.0638,g,23.52
Medialuna,Chocotorta,Masa,harina_0000,67.606,g,71.0
Medialuna,Chocotorta,Masa,leche_polvo,4.507,g,71.0
Medialuna,Chocotorta,Masa,azucar,5.887,g,71.0
Medialuna,Chocotorta,Masa,glucosa,0.5634,g,71.0
Medialuna,Chocotorta,Masa,sal,1.1268,g,71.0
Medialuna,Chocotorta,Masa,esencia_vainilla,0.001408,L,71.0
Medialuna,Chocotorta,Masa,mantequilla,20.8333,g,71.0
Medialuna,Chocotorta,Almibar,azucar,8.333,g,12.0
Medialuna,Chocotorta,Relleno,dulce_de_leche,20.0,g,1.0
Medialuna,Chocotorta,Relleno,queso_crema,20.0,g,1.0
Medialuna,Chocotorta,Cobertura,chocolate_baño,25.0,g,1.0
Medialuna,Chocotorta,Cobertura,galleta_chocolate_molida,1.0,porcion,1.0
Medialuna,NutellaChocBlanco,Masa,harina_0000,67.606,g,71.0
Medialuna,NutellaChocBlanco,Masa,leche_polvo,4.507,g,71.0
Medialuna,NutellaChocBlanco,Masa,azucar,5.887,g,71.0
Medialuna,NutellaChocBlanco,Masa,glucosa,0.5634,g,71.0
Medialuna,NutellaChocBlanco,Masa,sal,1.1268,g,71.0
Medialuna,NutellaChocBlanco,Masa,esencia_vainilla,0.001408,L,71.0
Medialuna,NutellaChocBlanco,Masa,mantequilla,20.8333,g,71.0
Medialuna,NutellaChocBlanco,Almibar,azucar,8.333,g,12.0
Medialuna,NutellaChocBlanco,Relleno,nutella,40.0,g,1.0
Medialuna,NutellaChocBlanco,Relleno,chocolate_blanco,20.0,g,1.0
Medialuna,NutellaChocBlanco,Relleno,nueces,5.0,g,1.0
Medialuna,Pistacho,Masa,harina_0000,67.606,g,71.0
Medialuna,Pistacho,Masa,leche_polvo,4.507,g,71.0
Medialuna,Pistacho,Masa,azucar,5.887,g,71.0
Medialuna,Pistacho,Masa,glucosa,0.5634,g,71.0
Medialuna,Pistacho,Masa,sal,1.1268,g,71.0
Medialuna,Pistacho,Masa,esencia_vainilla,0.001408,L,71.0
Medialuna,Pistacho,Masa,mantequilla,20.8333,g,71.0
Medialuna,Pistacho,Almibar,azucar,8.333,g,12.0
Medialuna,Pistacho,Relleno,crema_pistacho,40.0,g,1.0
Medialuna,Pistacho,Cobertura,pistacho_picado,3.0,g,1.0
Sandwich,JamonYQueso,Masa,harina_0000,390.0,g,20.0
Sandwich,JamonYQueso,Masa,sal,7.8,g,20.0
Sandwich,JamonYQueso,Relleno,queso_sandwich,50.0,g,1.0
Sandwich,JamonYQueso,Relleno,jamon,50.0,g,1.0
Sandwich,PolloYPalta,Masa,harina_0000,390.0,g,20.0
Sandwich,PolloYPalta,Masa,sal,7.8,g,20.0
Sandwich,PolloYPalta,Relleno,pollo_pechuga,100.0,g,1.0
Sandwich,PolloYPalta,Relleno,palta,200.0,g,1.0
MasaQuebrada,StreuselRegular,Base,harina_0000,47.4,g,2.405
MasaQuebrada,StreuselRegular,Base,mantequilla,26.2,g,2.405
MasaQuebrada,StreuselRegular,Base,azucar,26.2,g,2.405
MasaQuebrada,StreuselRegular,Base,sal,0.208,g,2.405
MasaQuebrada,StreuselFrutosSecos,Base,harina_0000,24.95,g,2.405
MasaQuebrada,StreuselFrutosSecos,Base,nueces,24.95,g,2.405
MasaQuebrada,StreuselFrutosSecos,Base,mantequilla,24.95,g,2.405
MasaQuebrada,StreuselFrutosSecos,Base,azucar,24.95,g,2.405
MasaQuebrada,StreuselFrutosSecos,Base,sal,0.208,g,2.405
MasaQuebrada,Sablee,Base,mantequilla,18.37,g,4.79
MasaQuebrada,Sablee,Base,azucar_flor,14.82,g,4.79
MasaQuebrada,Sablee,Base,huevo,0.1705,unidad,4.79
MasaQuebrada,Sablee,Base,harina_0000,43.64,g,4.79
MasaQuebrada,Sablee,Base,harina_almendras,10.65,g,4.79
MasaQuebrada,Sablee,Base,sal,0.2088,g,4.79
MasaQuebrada,Sablee,Base,pasta_vainilla,0.002088,L,4.79
MasaQuebrada,SableeCacao,Base,mantequilla,18.76,g,4.69
MasaQuebrada,SableeCacao,Base,azucar_flor,15.13,g,4.69
MasaQuebrada,SableeCacao,Base,huevo,0.1742,unidad,4.69
MasaQuebrada,SableeCacao,Base,harina_0000,42.42,g,4.69
MasaQuebrada,SableeCacao,Base,harina_almendras,10.87,g,4.69
MasaQuebrada,SableeCacao,Base,sal,0.2132,g,4.69
MasaQuebrada,SableeCacao,Base,cacao_polvo,2.132,g,4.69
MasaQuebrada,SableeSalada,Base,mantequilla,21.0,g,5.0
MasaQuebrada,SableeSalada,Base,huevo,0.1933,unidad,5.0
MasaQuebrada,SableeSalada,Base,harina_0000,47.0,g,5.0
MasaQuebrada,SableeSalada,Base,harina_almendras,20.0,g,5.0
MasaQuebrada,SableeSalada,Base,sal,0.4,g,5.0
MasaQuebrada,MurbeNuez,Base,harina_0000,6.0,g,50.0
MasaQuebrada,MurbeNuez,Base,azucar_flor,2.0,g,50.0
MasaQuebrada,MurbeNuez,Base,mantequilla,4.0,g,50.0
MasaQuebrada,MurbeNuez,Base,nueces,1.4,g,50.0
MasaQuebrada,Sucree,Base,harina_0000,49.5,g,5.05
MasaQuebrada,Sucree,Base,azucar,15.84,g,5.05
MasaQuebrada,Sucree,Base,mantequilla,21.78,g,5.05
MasaQuebrada,Sucree,Base,huevo,0.2145,unidad,5.05
MasaQuebrada,SucreeCacao,Base,harina_0000,9.875,g,24.0
MasaQuebrada,SucreeCacao,Base,cacao_polvo,0.5417,g,24.0
MasaQuebrada,SucreeCacao,Base,azucar,3.333,g,24.0
MasaQuebrada,SucreeCacao,Base,mantequilla,4.583,g,24.0
MasaQuebrada,SucreeCacao,Base,huevo,0.04514,unidad,24.0
Galleta,QuesoParmesano,Base,mantequilla,2.924,g,37.0
Galleta,QuesoParmesano,Base,huevo,0.02692,unidad,37.0
Galleta,QuesoParmesano,Base,harina_0000,6.542,g,37.0
Galleta,QuesoParmesano,Base,harina_almendras,2.784,g,37.0
Galleta,QuesoParmesano,Base,sal,0.05568,g,37.0
Galleta,QuesoParmesano,Relleno,queso_parmesano,2.703,g,37.0
Galleta,ChipsChocolate,Masa,mantequilla,27.6,g,10.0
Galleta,ChipsChocolate,Masa,azucar_morena,24.2,g,10.0
Galleta,ChipsChocolate,Masa,azucar,10.9,g,10.0
Galleta,ChipsChocolate,Masa,huevo,0.2217,unidad,10.0
Galleta,ChipsChocolate,Masa,harina_0000,57.0,g,10.0
Galleta,ChipsChocolate,Masa,sal,0.47,g,10.0
Galleta,ChipsChocolate,Masa,maicena,0.4,g,10.0
Galleta,ChipsChocolate,Masa,bicarbonato,0.4,g,10.0
Galleta,ChipsChocolate,Masa,chocolate_negro_70,20.6,g,10.0
Galleta,RedVelvet,Insert,queso_crema,17.6,g,10.0
Galleta,RedVelvet,Insert,azucar,4.0,g,10.0
Galleta,RedVelvet,Insert,pasta_vainilla,0.0005,L,10.0
Galleta,RedVelvet,Masa,mantequilla,24.1,g,10.0
Galleta,RedVelvet,Masa,azucar,27.5,g,10.0
Galleta,RedVelvet,Masa,huevo,0.1933,unidad,10.0
Galleta,RedVelvet,Masa,harina_0000,51.6,g,10.0
Galleta,RedVelvet,Masa,cacao_polvo,1.2,g,10.0
Galleta,RedVelvet,Masa,sal,0.36,g,10.0
Galleta,RedVelvet,Masa,maicena,0.36,g,10.0
Galleta,RedVelvet,Masa,polvos_hornear,0.36,g,10.0
Galleta,RedVelvet,Masa,chocolate_blanco,18.0,g,10.0
Galleta,AvellanasChocolate,Masa,mantequilla,3.9,g,30.0
Galleta,AvellanasChocolate,Masa,azucar_morena,1.7667,g,30.0
Galleta,AvellanasChocolate,Masa,azucar,2.9667,g,30.0
Galleta,AvellanasChocolate,Masa,glucosa,1.2333,g,30.0
Galleta,AvellanasChocolate,Masa,pasta_avellanas,1.0,g,30.0
Galleta,AvellanasChocolate,Masa,huevo,0.0306,unidad,30.0
Galleta,AvellanasChocolate,Masa,harina_0000,7.1333,g,30.0
Galleta,AvellanasChocolate,Masa,polvos_hornear,0.1,g,30.0
Galleta,AvellanasChocolate,Masa,bicarbonato,0.0667,g,30.0
Galleta,AvellanasChocolate,Masa,sal,0.1,g,30.0
Galleta,AvellanasChocolate,Masa,avellanas_picadas,3.3,g,30.0
Galleta,AvellanasChocolate,Masa,chocolate_negro_56,3.3,g,30.0
Galleta,MiniCacao,Masa,mantequilla,4.2333,g,30.0
Galleta,MiniCacao,Masa,azucar_morena,3.9667,g,30.0
Galleta,MiniCacao,Masa,azucar,2.3667,g,30.0
Galleta,MiniCacao,Masa,huevo,0.0372,unidad,30.0
Galleta,MiniCacao,Masa,harina_0000,8.2,g,30.0
Galleta,MiniCacao,Masa,cacao_polvo,0.8,g,30.0
Galleta,MiniCacao,Masa,maicena,0.0667,g,30.0
Galleta,MiniCacao,Masa,bicarbonato,0.0667,g,30.0
Galleta,MiniCacao,Masa,sal,0.0667,g,30.0
Galleta,MiniCacao,Masa,chocolate_negro_56,4.7,g,30.0
Galleta,PistachoLimon,Masa,mantequilla,3.7,g,30.0
Galleta,PistachoLimon,Masa,azucar_morena,0.9667,g,30.0
Galleta,PistachoLimon,Masa,azucar,3.4333,g,30.0
Galleta,PistachoLimon,Masa,glucosa,1.1333,g,30.0
Galleta,PistachoLimon,Masa,pasta_pistachos,1.1333,g,30.0
Galleta,PistachoLimon,Masa,zeste_limon,0.1,g,30.0
Galleta,PistachoLimon,Masa,huevo,0.0306,unidad,30.0
Galleta,PistachoLimon,Masa,harina_0000,7.4667,g,30.0
Galleta,PistachoLimon,Masa,matcha_polvo,0.1333,g,30.0
Galleta,PistachoLimon,Masa,polvos_hornear,0.24,g,30.0
Galleta,PistachoLimon,Masa,sal,0.0467,g,30.0
Galleta,PistachoLimon,Masa,chocolate_leche_40,4.3,g,30.0
Galleta,PistachoLimon,Masa,pistacho_picado,2.1667,g,30.0
Galleta,MantequillaAlmendras,Masa,mantequilla,4.2,g,30.0
Galleta,MantequillaAlmendras,Masa,azucar,5.1667,g,30.0
Galleta,MantequillaAlmendras,Masa,glucosa,1.2667,g,30.0
Galleta,MantequillaAlmendras,Masa,pasta_almendras,2.5,g,30.0
Galleta,MantequillaAlmendras,Masa,huevo,0.0333,unidad,30.0
Galleta,MantequillaAlmendras,Masa,harina_0000,7.7,g,30.0
Galleta,MantequillaAlmendras,Masa,almendras_laminadas,3.5667,g,30.0
Galleta,MantequillaAlmendras,Masa,sal,0.1,g,30.0
Galleta,MantequillaAlmendras,Masa,polvos_hornear,0.1133,g,30.0
Galleta,MantequillaAlmendras,Masa,bicarbonato,0.0667,g,30.0
Galleta,StreuselFrambuesa,Streusel,harina_0000,3.75,g,16.0
Galleta,StreuselFrambuesa,Streusel,harina_almendras,3.75,g,16.0
Galleta,StreuselFrambuesa,Streusel,mantequilla,3.75,g,16.0
Galleta,StreuselFrambuesa,Streusel,azucar,3.75,g,16.0
Galleta,StreuselFrambuesa,Streusel,sal,0.0625,g,16.0
Galleta,StreuselFrambuesa,MasaSablee,mantequilla,4.5,g,16.0
Galleta,StreuselFrambuesa,MasaSablee,azucar_flor,4.0625,g,16.0
Galleta,StreuselFrambuesa,MasaSablee,huevo,0.0573,unidad,16.0
Galleta,StreuselFrambuesa,MasaSablee,harina_0000,13.75,g,16.0
Galleta,StreuselFrambuesa,MasaSablee,harina_almendras,4.875,g,16.0
Galleta,StreuselFrambuesa,MasaSablee,pasta_vainilla,0.0006,L,16.0
Galleta,StreuselFrambuesa,MasaSablee,sal,0.0312,g,16.0
Galleta,StreuselFrambuesa,Mermelada,pure_frambuesas,7.0963,g,16.0
Galleta,StreuselFrambuesa,Mermelada,azucar,7.0963,g,16.0
Galleta,StreuselFrambuesa,Mermelada,pectina_nh,0.138,g,16.0
Galleta,StreuselFrambuesa,Mermelada,acido_citrico,0.0444,g,16.0
Galleta,BarritaNuez,Relleno,leche_condensada,19.5,g,10.0
Galleta,BarritaNuez,Relleno,mantequilla,3.0,g,10.0
Galleta,BarritaNuez,Relleno,nueces,12.5,g,10.0
Galleta,BarritaNuez,Relleno,sal,0.2,g,10.0
Galleta,BarritaNuez,Streusel,harina_0000,12.0,g,10.0
Galleta,BarritaNuez,Streusel,harina_almendras,6.0,g,10.0
Galleta,BarritaNuez,Streusel,nueces,6.0,g,10.0
Galleta,BarritaNuez,Streusel,mantequilla,12.0,g,10.0
Galleta,BarritaNuez,Streusel,azucar,12.0,g,10.0
Galleta,MantecadoTradicional,Masa,harina_0000,4.4667,g,30.0
Galleta,MantecadoTradicional,Masa,harina_almendras,0.9,g,30.0
Galleta,MantecadoTradicional,Masa,canela_polvo,0.0333,g,30.0
Galleta,MantecadoTradicional,Masa,azucar_flor,2.7,g,30.0
Galleta,MantecadoTradicional,Masa,manteca_vegetal,3.5667,g,30.0
Galleta,MantecadoMani,Masa,harina_0000,2.7667,g,30.0
Galleta,MantecadoMani,Masa,mani,3.7333,g,30.0
Galleta,MantecadoMani,Masa,sal,0.0167,g,30.0
Galleta,MantecadoMani,Masa,azucar_flor,2.8,g,30.0
Galleta,MantecadoMani,Masa,manteca_vegetal,2.3667,g,30.0
Galleta,MantecadoNuez,Masa,harina_0000,3.8333,g,30.0
Galleta,MantecadoNuez,Masa,nueces,2.7,g,30.0
Galleta,MantecadoNuez,Masa,canela_polvo,0.0333,g,30.0
Galleta,MantecadoNuez,Masa,azucar_flor,2.7,g,30.0
Galleta,MantecadoNuez,Masa,manteca_vegetal,2.4,g,30.0
Galleta,MantecadoSesamo,Masa,harina_0000,3.2333,g,30.0
Galleta,MantecadoSesamo,Masa,tahini,2.4667,g,30.0
Galleta,MantecadoSesamo,Masa,canela_polvo,0.0333,g,30.0
Galleta,MantecadoSesamo,Masa,azucar_flor,2.7,g,30.0
Galleta,MantecadoSesamo,Masa,manteca_vegetal,2.3667,g,30.0
Galleta,MantecadoSesamo,Masa,sesamo_negro,0.9,g,30.0
Galleta,MantecadoPistacho,Masa,harina_0000,2.7667,g,30.0
Galleta,MantecadoPistacho,Masa,pistacho_picado,3.7333,g,30.0
Galleta,MantecadoPistacho,Masa,azucar_flor,2.8,g,30.0
Galleta,MantecadoPistacho,Masa,sal,0.0167,g,30.0
Galleta,MantecadoPistacho,Masa,manteca_vegetal,2.3667,g,30.0
Galleta,MantecadoChocolateNaranja,Masa,harina_0000,3.1667,g,30.0
Galleta,MantecadoChocolateNaranja,Masa,harina_almendras,0.9,g,30.0
Galleta,MantecadoChocolateNaranja,Masa,nibs_cacao,2.6667,g,30.0
Galleta,MantecadoChocolateNaranja,Masa,azucar_flor,2.6667,g,30.0
Galleta,MantecadoChocolateNaranja,Masa,zeste_naranja,0.0667,g,30.0
Galleta,MantecadoChocolateNaranja,Masa,manteca_vegetal,2.1667,g,30.0
Galleta,Florentina,Masa,crema_leche_35,6.6667,g,15.0
Galleta,Florentina,Masa,azucar,7.3333,g,15.0
Galleta,Florentina,Masa,miel,4.6667,g,15.0
Galleta,Florentina,Masa,vaina_vainilla,0.0667,unidad,15.0
Galleta,Florentina,Masa,flor_de_sal,0.0667,g,15.0
Galleta,Florentina,Masa,almendras_laminadas,13.3333,g,15.0
Medialuna,Tradicional,Masa,esencia_vainilla,0.001408,L,71.0
Brownie,,Masa,mantequilla,33.3333,g,9.0
Brownie,,Masa,chocolate_negro_56,64.5556,g,9.0
Brownie,,Masa,azucar_flor,32.1111,g,9.0
Brownie,,Masa,azucar,33.3333,g,9.0
Brownie,,Masa,glucosa,7.5,g,9.0
Brownie,,Masa,huevo,0.8130,unidad,9.0
Brownie,,Masa,harina_0000,43.7778,g,9.0
Brownie,,Masa,cacao_polvo,6.2222,g,9.0
Brownie,,Masa,sal,0.7556,g,9.0
Brownie,,Masa,nueces,42.5556,g,9.0
Croissant,Plano,Masa,harina_0000,50.0,g,12.0
Croissant,Plano,Masa,azucar,5.0,g,12.0
Croissant,Plano,Masa,sal,1.0,g,12.0
Croissant,Plano,Masa,levadura_fresca,1.6667,g,12.0
Croissant,Plano,Masa,agua,30.0,mL,12.0
Croissant,Plano,Laminado,mantequilla,20.8333,g,12.0
Croissant,Plano,Barnizado,huevo,0.0833,unidad,12.0
Croissant,Plano,Barnizado,agua,1.25,mL,12.0
CarrotCake,,Bizcocho,zanahoria,175,g,1.0
CarrotCake,,Bizcocho,aceite_maravilla,100,mL,1.0
CarrotCake,,Bizcocho,esencia_vainilla,5,mL,1.0
CarrotCake,,Bizcocho,huevo,4,unidad,1.0
CarrotCake,,Bizcocho,azucar,150,g,1.0
CarrotCake,,Bizcocho,harina_0000,150,g,1.0
CarrotCake,,Bizcocho,polvos_hornear,10,g,1.0
CarrotCake,,Bizcocho,canela_polvo,3,g,1.0
CarrotCake,,Bizcocho,nuez_moscada,1.5,g,1.0
CarrotCake,,Bizcocho,clavo_olor,0.5,g,1.0
CarrotCake,,Frosting,crema_leche_35,500,g,1.0
CarrotCake,,Frosting,azucar_flor,80,g,1.0
CarrotCake,,Frosting,queso_crema,175,g,1.0
CarrotCake,,Frosting,chocolate_blanco,100,g,1.0
Muffin,Chocolate,Humedos,mantequilla,7.5,g,24.0
Muffin,Chocolate,Humedos,aceite_maravilla,7.5,mL,24.0
Muffin,Chocolate,Humedos,huevo,0.25,unidad,24.0
Muffin,Chocolate,Humedos,azucar,30,g,24.0
Muffin,Chocolate,Humedos,cafe_soluble,1.5,g,24.0
Muffin,Chocolate,Humedos,leche_polvo,3.825,g,24.0
Muffin,Chocolate,Secos,harina_0000,40.625,g,24.0
Muffin,Chocolate,Secos,cacao_polvo,8.25,g,24.0
Muffin,Chocolate,Secos,polvos_hornear,1.25,g,24.0
Muffin,Chocolate,Secos,bicarbonato,0.3125,g,24.0
Muffin,Chocolate,Secos,sal,0.1875,g,24.0
Muffin,Chocolate,Secos,chispas_chocolate,21.25,g,24.0
Muffin,Chocolate,Decoracion,chispas_chocolate,3.75,g,24.0
Muffin,Chocolate,Decoracion,azucar_flor,3,g,24.0
Alfajor,Marplatense,Tapas,mantequilla,25.0000,g,12.0
Alfajor,Marplatense,Tapas,azucar,8.3333,g,12.0
Alfajor,Marplatense,Tapas,glucosa,8.3333,g,12.0
Alfajor,Marplatense,Tapas,zeste_limon,0.4167,g,12.0
Alfajor,Marplatense,Tapas,zeste_naranja,0.6667,g,12.0
Alfajor,Marplatense,Tapas,huevo,0.1667,unidad,12.0
Alfajor,Marplatense,Tapas,esencia_vainilla,0.6667,mL,12.0
Alfajor,Marplatense,Tapas,harina_0000,41.6667,g,12.0
Alfajor,Marplatense,Tapas,maicena,8.3333,g,12.0
Alfajor,Marplatense,Tapas,polvos_hornear,1.3333,g,12.0
Alfajor,Marplatense,Tapas,bicarbonato,0.8333,g,12.0
Alfajor,Marplatense,Tapas,cacao_polvo,3.3333,g,12.0
Alfajor,Marplatense,Relleno,dulce_de_leche,75.0000,g,12.0
Alfajor,Marplatense,Bano,chocolate_baño,45.8333,g,12.0
Cheesecake,Frambuesa,Base,azucar_flor,9.5461,g,1.0
Cheesecake,Frambuesa,Base,azucar_morena,9.0688,g,1.0
Cheesecake,Frambuesa,Base,canela_polvo,0.4773,g,1.0
Cheesecake,Frambuesa,Base,harina_de_trigo_sin_polvos_de_hornear,70.6411,g,1.0
Cheesecake,Frambuesa,Base,mantequilla,54.7507,g,1.0
Cheesecake,Frambuesa,Base,huevo,0.4767,unidad,1.0
Cheesecake,Frambuesa,Relleno,queso_crema,375.9624,g,1.0
Cheesecake,Frambuesa,Relleno,azucar,83.9916,g,1.0
Cheesecake,Frambuesa,Relleno,huevo,0.7399,unidad,1.0
Cheesecake,Frambuesa,Relleno,crema_leche_35,120.9879,g,1.0
Cheesecake,Frambuesa,Relleno,pasta_vainilla,5.9994,mL,1.0
Cheesecake,Frambuesa,Relleno,maicena,7.9992,g,1.0
Cheesecake,Frambuesa,Ganache,pure_frambuesas,99.99,g,1.0
Cheesecake,Frambuesa,Ganache,glucosa,39.996,g,1.0
Cheesecake,Frambuesa,Ganache,chocolate_blanco,149.985,g,1.0
Cheesecake,Frambuesa,Ganache,manteca_cacao,29.997,g,1.0
Cheesecake,Frambuesa,Ganache,mantequilla,99.99,g,1.0
Cheesecake,Frambuesa,Ganache,acido_citrico,4.9995,g,1.0
Cheesecake,Frambuesa,Gel,pure_frambuesas,349.965,g,1.0
Cheesecake,Frambuesa,Gel,azucar,99.99,g,1.0
Cheesecake,Frambuesa,Gel,agar_agar,3.4996,g,1.0
Cheesecake,Maracuya,Base,azucar_flor,9.5461,g,1.0
Cheesecake,Maracuya,Base,azucar_morena,9.0688,g,1.0
Cheesecake,Maracuya,Base,canela_polvo,0.4773,g,1.0
Cheesecake,Maracuya,Base,harina_de_trigo_sin_polvos_de_hornear,70.6411,g,1.0
Cheesecake,Maracuya,Base,mantequilla,54.7507,g,1.0
Cheesecake,Maracuya,Base,huevo,0.4767,unidad,1.0
Cheesecake,Maracuya,Relleno,queso_crema,375.9624,g,1.0
Cheesecake,Maracuya,Relleno,azucar,83.9916,g,1.0
Cheesecake,Maracuya,Relleno,huevo,0.7399,unidad,1.0
Cheesecake,Maracuya,Relleno,crema_leche_35,120.9879,g,1.0
Cheesecake,Maracuya,Relleno,pasta_vainilla,5.9994,mL,1.0
Cheesecake,Maracuya,Relleno,maicena,7.9992,g,1.0
Cheesecake,Maracuya,Gel,pulpa_mango,118.9881,g,1.0
Cheesecake,Maracuya,Gel,pulpa_maracuya,118.9881,g,1.0
Cheesecake,Maracuya,Gel,pasta_vainilla,17.9982,mL,1.0
Cheesecake,Maracuya,Gel,pectina_nh,4.1996,g,1.0
Cheesecake,Maracuya,Gel,azucar,44.9955,g,1.0
Cheesecake,Oreo,Base,galleta_oreo,122.9877,g,1.0
Cheesecake,Oreo,Base,mantequilla,31.9968,g,1.0
Cheesecake,Oreo,Base,huevo,0.2333,unidad,1.0
Cheesecake,Oreo,Relleno,queso_crema,312.9687,g,1.0
Cheesecake,Oreo,Relleno,azucar,69.993,g,1.0
Cheesecake,Oreo,Relleno,huevo,0.6199,unidad,1.0
Cheesecake,Oreo,Relleno,crema_leche_35,100.9899,g,1.0
Cheesecake,Oreo,Relleno,pasta_vainilla,4.9995,mL,1.0
Cheesecake,Oreo,Relleno,maicena,6.9993,g,1.0
Cheesecake,Oreo,Relleno,galleta_oreo,69.993,g,1.0
Cheesecake,Oreo,Chantilly,crema_leche_35,199.98,g,1.0
Cheesecake,Oreo,Chantilly,azucar_flor,19.998,g,1.0
Cheesecake,Chocolate,Base,azucar_flor,9.5461,g,1.0
Cheesecake,Chocolate,Base,azucar_morena,9.0688,g,1.0
Cheesecake,Chocolate,Base,harina_de_trigo_sin_polvos_de_hornear,63.9588,g,1.0
Cheesecake,Chocolate,Base,cacao_polvo,7.1596,g,1.0
Cheesecake,Chocolate,Base,mantequilla,54.7507,g,1.0
Cheesecake,Chocolate,Base,huevo,0.4767,unidad,1.0
Cheesecake,Chocolate,Relleno,queso_crema,178.9821,g,1.0
Cheesecake,Chocolate,Relleno,azucar,94.9905,g,1.0
Cheesecake,Chocolate,Relleno,huevo,1.1999,unidad,1.0
Cheesecake,Chocolate,Relleno,crema_leche_35,137.9862,g,1.0
Cheesecake,Chocolate,Relleno,cacao_polvo,40.9959,g,1.0
Cheesecake,Chocolate,Relleno,maicena,9.999,g,1.0
Cheesecake,Chocolate,Relleno,chocolate_negro_70,108.9891,g,1.0
Cheesecake,Chocolate,Ganache,crema_leche_35,249.975,g,1.0
Cheesecake,Chocolate,Ganache,glucosa,4.9995,g,1.0
Cheesecake,Chocolate,Ganache,chocolate_negro_56,249.975,g,1.0
Cheesecake,FrioVainilla,Base,azucar_flor,9.5461,g,1.0
Cheesecake,FrioVainilla,Base,azucar_morena,9.0688,g,1.0
Cheesecake,FrioVainilla,Base,canela_polvo,0.4773,g,1.0
Cheesecake,FrioVainilla,Base,harina_de_trigo_sin_polvos_de_hornear,70.6411,g,1.0
Cheesecake,FrioVainilla,Base,mantequilla,56.7505,g,1.0
Cheesecake,FrioVainilla,Base,huevo,0.21,unidad,1.0
Cheesecake,FrioVainilla,Relleno,gelatina_sin_sabor,1.9998,g,1.0
Cheesecake,FrioVainilla,Relleno,agua,9.999,mL,1.0
Cheesecake,FrioVainilla,Relleno,queso_crema,335.9664,g,1.0
Cheesecake,FrioVainilla,Relleno,leche_condensada,22.9977,g,1.0
Cheesecake,FrioVainilla,Relleno,azucar,24.9975,g,1.0
Cheesecake,FrioVainilla,Relleno,azucar_flor,5.9994,g,1.0
Cheesecake,FrioVainilla,Relleno,crema_leche_35,99.99,g,1.0
Cheesecake,FrioVainilla,Relleno,vaina_vainilla,0.5,unidad,1.0
Cheesecake,FrioChocolate,Base,azucar_flor,9.5461,g,1.0
Cheesecake,FrioChocolate,Base,azucar_morena,9.0688,g,1.0
Cheesecake,FrioChocolate,Base,canela_polvo,0.4773,g,1.0
Cheesecake,FrioChocolate,Base,harina_de_trigo_sin_polvos_de_hornear,70.6411,g,1.0
Cheesecake,FrioChocolate,Base,mantequilla,56.7505,g,1.0
Cheesecake,FrioChocolate,Base,huevo,0.21,unidad,1.0
Cheesecake,FrioChocolate,Relleno,gelatina_sin_sabor,1.4998,g,1.0
Cheesecake,FrioChocolate,Relleno,agua,7.4992,mL,1.0
Cheesecake,FrioChocolate,Relleno,queso_crema,335.9664,g,1.0
Cheesecake,FrioChocolate,Relleno,leche_condensada,22.9977,g,1.0
Cheesecake,FrioChocolate,Relleno,azucar,24.9975,g,1.0
Cheesecake,FrioChocolate,Relleno,cacao_polvo,7.9992,g,1.0
Cheesecake,FrioChocolate,Relleno,azucar_flor,5.9994,g,1.0
Cheesecake,FrioChocolate,Relleno,crema_leche_35,99.99,g,1.0
Cheesecake,FrioChocolate,Relleno,chocolate_negro_70,49.995,g,1.0
Cheesecake,DulceDeLeche,Base,azucar_flor,9.5461,g,1.0
Cheesecake,DulceDeLeche,Base,azucar_morena,9.0688,g,1.0
Cheesecake,DulceDeLeche,Base,harina_de_trigo_sin_polvos_de_hornear,63.9588,g,1.0
Cheesecake,DulceDeLeche,Base,cacao_polvo,7.1596,g,1.0
Cheesecake,DulceDeLeche,Base,mantequilla,54.7507,g,1.0
Cheesecake,DulceDeLeche,Base,huevo,0.4767,unidad,1.0
Cheesecake,DulceDeLeche,Relleno,queso_crema,312.9687,g,1.0
Cheesecake,DulceDeLeche,Relleno,azucar,69.993,g,1.0
Cheesecake,DulceDeLeche,Relleno,huevo,0.6199,unidad,1.0
Cheesecake,DulceDeLeche,Relleno,crema_leche_35,100.9899,g,1.0
Cheesecake,DulceDeLeche,Relleno,pasta_vainilla,4.9995,mL,1.0
Cheesecake,DulceDeLeche,Relleno,maicena,6.9993,g,1.0
Cheesecake,DulceDeLeche,Relleno,dulce_de_leche,99.99,g,1.0
Cheesecake,DulceDeLeche,Ganache,crema_leche_35,114.9885,g,1.0
Cheesecake,DulceDeLeche,Ganache,leche_entera,49.995,mL,1.0
Cheesecake,DulceDeLeche,Ganache,glucosa,72.9927,g,1.0
Cheesecake,DulceDeLeche,Ganache,chocolate_dulcey,254.9745,g,1.0
Cheesecake,DulceDeLeche,Ganache,manteca_cacao,30.9969,g,1.0
Cheesecake,DulceDeLeche,Ganache,mantequilla,61.9938,g,1.0
Cheesecake,Cafe,Base,azucar_flor,9.5461,g,1.0
Cheesecake,Cafe,Base,azucar_morena,9.0688,g,1.0
Cheesecake,Cafe,Base,canela_polvo,0.4773,g,1.0
Cheesecake,Cafe,Base,harina_de_trigo_sin_polvos_de_hornear,70.6411,g,1.0
Cheesecake,Cafe,Base,mantequilla,54.7507,g,1.0
Cheesecake,Cafe,Base,huevo,0.4767,unidad,1.0
Cheesecake,Cafe,Relleno,queso_crema,312.9687,g,1.0
Cheesecake,Cafe,Relleno,azucar,69.993,g,1.0
Cheesecake,Cafe,Relleno,huevo,0.6199,unidad,1.0
Cheesecake,Cafe,Relleno,crema_leche_35,100.9899,g,1.0
Cheesecake,Cafe,Relleno,pasta_vainilla,4.9995,mL,1.0
Cheesecake,Cafe,Relleno,maicena,6.9993,g,1.0
Cheesecake,Cafe,Relleno,agua,7.9992,mL,1.0
Cheesecake,Cafe,Relleno,cafe_soluble,1.9998,g,1.0
Cheesecake,Cafe,Ganache montada,crema_leche_35,140.9859,g,1.0
Cheesecake,Cafe,Ganache montada,cafe_soluble,0.9999,g,1.0
Cheesecake,Cafe,Ganache montada,glucosa,3.9996,g,1.0
Cheesecake,Cafe,Ganache montada,chocolate_blanco,53.9946,g,1.0
Cheesecake,Cafe,Ganache chocolate negro,chocolate_negro_56,129.987,g,1.0
Cheesecake,Cafe,Ganache chocolate negro,crema_leche_35,77.9922,g,1.0
Cheesecake,Cafe,Ganache chocolate negro,glucosa,37.9962,g,1.0
Cheesecake,Cafe,Ganache chocolate negro,manteca_cacao,19.998,g,1.0
Cheesecake,Cafe,Ganache cafe,cafe_espresso,64.9935,mL,1.0
Cheesecake,Cafe,Ganache cafe,glucosa,34.9965,g,1.0
Cheesecake,Cafe,Ganache cafe,chocolate_leche_40,254.9745,g,1.0
Cheesecake,Cafe,Ganache cafe,manteca_cacao,4.9995,g,1.0
Cheesecake,Cafe,Ganache cafe,mantequilla,61.9938,g,1.0
Cheesecake,Cafe,Decoracion,chocolate_negro_56,199.98,g,1.0
Cheesecake,Pistacho,Base,azucar_flor,9.5461,g,1.0
Cheesecake,Pistacho,Base,azucar_morena,9.0688,g,1.0
Cheesecake,Pistacho,Base,canela_polvo,0.4773,g,1.0
Cheesecake,Pistacho,Base,harina_de_trigo_sin_polvos_de_hornear,70.6411,g,1.0
Cheesecake,Pistacho,Base,mantequilla,54.7507,g,1.0
Cheesecake,Pistacho,Base,huevo,0.4767,unidad,1.0
Cheesecake,Pistacho,Relleno,queso_crema,312.9687,g,1.0
Cheesecake,Pistacho,Relleno,azucar,69.993,g,1.0
Cheesecake,Pistacho,Relleno,huevo,0.6199,unidad,1.0
Cheesecake,Pistacho,Relleno,crema_leche_35,100.9899,g,1.0
Cheesecake,Pistacho,Relleno,pasta_vainilla,4.9995,mL,1.0
Cheesecake,Pistacho,Relleno,maicena,6.9993,g,1.0
Cheesecake,Pistacho,Relleno,pasta_pistachos,79.992,g,1.0
Cheesecake,Pistacho,Ganache montada,crema_leche_35,201.9798,g,1.0
Cheesecake,Pistacho,Ganache montada,glucosa,3.9996,g,1.0
Cheesecake,Pistacho,Ganache montada,chocolate_blanco,76.9923,g,1.0
Cheesecake,Pistacho,Ganache montada,pasta_pistachos,31.9968,g,1.0
Cheesecake,Pistacho,Ganache,crema_leche_35,162.9837,g,1.0
Cheesecake,Pistacho,Ganache,glucosa,49.995,g,1.0
Cheesecake,Pistacho,Ganache,chocolate_blanco,119.988,g,1.0
Cheesecake,Pistacho,Ganache,manteca_cacao,9.999,g,1.0
Cheesecake,Pistacho,Ganache,pasta_pistachos,54.9945,g,1.0
Cheesecake,Pistacho,Decoracion,pistacho_picado,99.99,g,1.0
Cheesecake,Pistacho,Decoracion,azucar,24.9975,g,1.0
Cheesecake,Pistacho,Decoracion,huevo,0.3333,unidad,1.0
Cheesecake,Avellana,Base,azucar_flor,9.5461,g,1.0
Cheesecake,Avellana,Base,azucar_morena,9.0688,g,1.0
Cheesecake,Avellana,Base,harina_de_trigo_sin_polvos_de_hornear,50.117,g,1.0
Cheesecake,Avellana,Base,mantequilla,54.7507,g,1.0
Cheesecake,Avellana,Base,huevo,0.4767,unidad,1.0
Cheesecake,Avellana,Base,avellanas_picadas,20.5241,g,1.0
Cheesecake,Avellana,Base,canela_polvo,0.4773,g,1.0
Cheesecake,Avellana,Relleno,queso_crema,406.9593,g,1.0
Cheesecake,Avellana,Relleno,azucar,90.9909,g,1.0
Cheesecake,Avellana,Relleno,huevo,0.7999,unidad,1.0
Cheesecake,Avellana,Relleno,crema_leche_35,130.9869,g,1.0
Cheesecake,Avellana,Relleno,pasta_vainilla,5.9994,mL,1.0
Cheesecake,Avellana,Relleno,maicena,8.9991,g,1.0
Cheesecake,Avellana,Relleno,pasta_avellanas,103.9896,g,1.0
Cheesecake,Avellana,Ganache,crema_leche_35,104.9895,g,1.0
Cheesecake,Avellana,Ganache,chocolate_leche_40,174.9825,g,1.0
Cheesecake,Avellana,Ganache,leche_entera,49.995,mL,1.0
Cheesecake,Avellana,Ganache,glucosa,52.9947,g,1.0
Cheesecake,Avellana,Ganache,pasta_avellanas,19.998,g,1.0
Cheesecake,Avellana,Decoracion,avellanas_picadas,99.99,g,1.0
Cheesecake,Avellana,Decoracion,azucar,24.9975,g,1.0
Cheesecake,Avellana,Decoracion,huevo,0.3333,unidad,1.0
